[
    {
        "id":1,
        "username":"小红",
        "age":10,
        "address":{
    
        },
        "likes":[]
    },
    {
        "id":2,
        "username":"小明",
        "age":14,
        "address":{
    
        },
        "likes":[]
    },{
        "id":3,
        "username":"小刚",
        "age":14,
        "address":{
    
        },
        "likes":[]
    },
    {
        "category3Id": "61",
        "categoryName": "手机",
        "keyword": "小米",
        "order": "1:desc",
        "pageNo": 1,
        "pageSize": 10,
        "props": ["1:3000-4000:价格", "2:6.55-6.64英寸:屏幕尺寸"],
        "trademark": "4:小米"
      }
]

